{
  "ds": [
    8,
    10,
    12,
    14,
    16,
    18,
    20
  ],
  "legible_fraction": {
    "k = 2": [
      0.14453125,
      0.0546875,
      0.019287109375,
      0.0064697265625,
      0.0020904541015625,
      0.0006561279296875,
      0.00020122528076171875
    ],
    "k = 3": [
      0.36328125,
      0.171875,
      0.072998046875,
      0.0286865234375,
      0.0106353759765625,
      0.0037689208984375,
      0.0012884140014648438
    ],
    "k = 4": [
      0.63671875,
      0.376953125,
      0.19384765625,
      0.08978271484375,
      0.0384063720703125,
      0.01544189453125,
      0.005908966064453125
    ]
  },
  "premium_complex": [
    0.9425172199379543,
    1.485136911430604,
    1.2914071072292435,
    1.5803389907061303,
    1.4208326490597345,
    1.8684469263542574,
    1.5937685333768863
  ],
  "premium_linear": [
    0.8798318104943518,
    0.8970400408886046,
    0.7202137458485113,
    1.1026174687882777,
    0.8041921576915564,
    0.9914638790568373,
    0.7441734894254721
  ],
  "premium_planted": [
    0.0,
    0.0,
    0.0,
    0.0,
    0.0,
    0.0,
    0.0
  ],
  "taxC_k": [
    1,
    2,
    3,
    4,
    5,
    6,
    7,
    8,
    9,
    10,
    11,
    12,
    13,
    14,
    15,
    16,
    17,
    18
  ],
  "taxC_premium": [
    3.069739397838409,
    2.649469595357283,
    2.1388027794055167,
    1.8258155334662451,
    1.529677243365285,
    1.107977797288444,
    0.7605655337178433,
    0.4478732107860431,
    0.22208639348168177,
    0.12177842903369478,
    0.036680538094441335,
    0.006718475771894911,
    0.0,
    0.0,
    0.0,
    0.0,
    0.0,
    0.0
  ],
  "taxC_fraction": [
    7.2479248046875e-05,
    0.0006561279296875,
    0.0037689208984375,
    0.01544189453125,
    0.048126220703125,
    0.1189422607421875,
    0.2403411865234375,
    0.40726470947265625,
    0.5927352905273438,
    0.7596588134765625,
    0.8810577392578125,
    0.951873779296875,
    0.98455810546875,
    0.9962310791015625,
    0.9993438720703125,
    0.9999275207519531,
    0.9999961853027344,
    1.0
  ],
  "dC": 18
}