{
  "V": 0.0,
  "Ustar": 0.5,
  "hedge_final": 0.4662694444444444,
  "swap_final": -0.4470638888888889,
  "lambdas": [
    0.0,
    0.1,
    0.2,
    0.30000000000000004,
    0.4,
    0.5,
    0.6000000000000001,
    0.7000000000000001,
    0.8,
    0.9,
    1.0
  ],
  "transp_mean": [
    0.40425833333333333,
    0.3272583333333333,
    0.2510166666666666,
    0.17446666666666666,
    0.09821666666666666,
    0.022191666666666665,
    -0.053875,
    -0.13025,
    -0.20604999999999998,
    -0.28118333333333334,
    -0.35742500000000005
  ],
  "n3_final": 0.4662694444444444,
  "n2_final": -0.24979722222222223,
  "V3": 0.0,
  "V2": 0.0
}