{
  "top_eigs": [
    1.0,
    0.9963,
    0.9411,
    0.8589,
    0.7491,
    0.6593,
    0.5586,
    0.4659,
    0.4106,
    0.3576
  ],
  "taus": [
    1000000027.8,
    273.4,
    16.5,
    6.6,
    3.5,
    2.4,
    1.7,
    1.3,
    1.1,
    1.0
  ],
  "tau2": 273.4249458914587,
  "tau3": 16.459245223143355,
  "timescale_sep": 16.612240852150116,
  "n_meta_090": 3,
  "n_meta_095": 2,
  "rhoA": 0.9885207995562703,
  "rhoB": 0.9906941172091762,
  "debounced_switches": 60,
  "dwell_cv": 0.8615442535591114,
  "mus": [
    0.015,
    0.03,
    0.05,
    0.08,
    0.12,
    0.18
  ],
  "sep_vs_mu": [
    26.089250902504848,
    12.968221947798192,
    9.063382982305722,
    5.872643412691629,
    4.370611221281621,
    3.2553179705449056
  ]
}