{
  "fingerprints": {
    "healthy": [
      0.005047002309176995,
      1.6278352753016694,
      0.06634694720731882,
      0.0
    ],
    "stable failure": [
      0.004703758801243775,
      1.5168746864740958,
      1.0,
      0.0
    ],
    "overfitting": [
      0.0040892313657553605,
      1.402593063544831,
      0.9999863666134092,
      0.966483076336975
    ],
    "learning death": [
      0.0005808359166614323,
      1.0065459125648015,
      1.0,
      0.0
    ],
    "thrash": [
      0.13227443948394235,
      6.496829948008052,
      0.8927995333964461,
      0.0
    ]
  },
  "ews_var_tau": 0.563454164907714,
  "ews_ar1_tau": 0.5380923604997567,
  "fold_t": 6108,
  "ews_null_var_tau": 0.06350097048708644,
  "ews_null_ar1_tau": -0.058994611047204625,
  "alias_rates": [
    0.16666666666666666,
    0.08333333333333333,
    0.05,
    0.03333333333333333,
    0.022222222222222223,
    0.016666666666666666,
    0.0125,
    0.00909090909090909,
    0.006666666666666667
  ],
  "alias_norm": [
    0.7245527127749628,
    0.6156358184816171,
    0.5066072291596142,
    0.3131610725312415,
    0.2820496164572659,
    0.20688856123204413,
    0.20815362116903796,
    0.21372924973054774,
    0.2520605948693463
  ],
  "alias_metric": [
    0.8885064508075448,
    0.9114585894449575,
    0.9442939370443234,
    0.9406022870155114,
    0.9560409326753477,
    0.9908309685411529,
    0.9716497492253572,
    0.9791869527249422,
    0.9813876870106664
  ],
  "nyquist": 0.016666666666666666
}