{
  "cascade_ratios": [
    0.2,
    0.4,
    0.8,
    1.6,
    3.2,
    6.666666666666667,
    13.333333333333334,
    26.666666666666668
  ],
  "cascade_instab_mean": [
    1.8684887160948223,
    1.6699948596601715,
    1.2879952194960183,
    1.0734533887048878,
    0.9298575428406857,
    0.8726879033720079,
    0.590039034347221,
    0.7720097357707909
  ],
  "cascade_instab_sem": [
    0.008823927589314043,
    0.015405874801154126,
    0.0076768381927914105,
    0.011679374634119952,
    0.005925387726388177,
    0.017484446820542635,
    0.04477383850407331,
    0.022538732917823132
  ],
  "cascade_T_inner": 15.0,
  "kuramoto_K": [
    0.0,
    0.2,
    0.4,
    0.6000000000000001,
    0.8,
    1.0,
    1.2000000000000002,
    1.4000000000000001,
    1.6,
    1.8,
    2.0,
    2.2,
    2.4000000000000004,
    2.6,
    2.8000000000000003,
    3.0
  ],
  "condensate_locked": 0.8805001555823949,
  "condensate_halt": 0.8803898031895457,
  "condensate_decouple": 0.035449159668379686
}