{
  "memoryless": {
    "mean_dwell": 2353.95,
    "cv": 1.1628178538755711,
    "tau_fit": 2931.6111047568534,
    "R": -0.998984669978242
  },
  "spectral_clock": {
    "M": [
      40,
      60,
      85,
      120
    ],
    "mean_dwell": [
      1913.864293040293,
      2106.0018853695324,
      3040.711406784936,
      2871.0003350315965
    ],
    "tau2": [
      838.6096883521222,
      1010.2538975834788,
      1324.5348597306904,
      1284.548480256818
    ],
    "slope": 2.2323123758467154
  },
  "ar1_law": {
    "c": [
      1.3,
      1.2,
      1.12,
      1.06,
      1.03,
      1.015,
      1.008
    ],
    "variance": [
      1.897935562107818e-07,
      1.9632519946676877e-07,
      2.005585532798646e-07,
      2.2739095369484933e-07,
      2.8510498686598855e-07,
      4.6668517020089605e-07,
      1.0402389737644534e-06
    ],
    "alpha": [
      0.011212937884167,
      0.028459606099872917,
      0.0664955786776049,
      0.15047674744842862,
      0.29323029619153973,
      0.5386084327202948,
      0.773957938146653
    ],
    "D": 5.619260001397127e-07,
    "intercept": -3.521914661859517e-07,
    "R": 0.998194608017762
  }
}