{
  "staircase": {
    "r=1": [
      0.0,
      0.0,
      0.0,
      0.0
    ],
    "r=2": [
      1.8898712158557556,
      0.0,
      0.0,
      0.0
    ],
    "r=3": [
      2.876044675354691,
      2.0708651637525124,
      0.0,
      0.0
    ]
  },
  "dimension": {
    "d8_r1": {
      "median_Kstar": 1.0,
      "frac_eq_r": 1.0
    },
    "d8_r2": {
      "median_Kstar": 2.0,
      "frac_eq_r": 0.95
    },
    "d8_r3": {
      "median_Kstar": 3.0,
      "frac_eq_r": 1.0
    },
    "d10_r1": {
      "median_Kstar": 1.0,
      "frac_eq_r": 1.0
    },
    "d10_r2": {
      "median_Kstar": 2.0,
      "frac_eq_r": 1.0
    },
    "d10_r3": {
      "median_Kstar": 3.0,
      "frac_eq_r": 0.95
    },
    "d12_r1": {
      "median_Kstar": 1.0,
      "frac_eq_r": 1.0
    },
    "d12_r2": {
      "median_Kstar": 2.0,
      "frac_eq_r": 1.0
    },
    "d12_r3": {
      "median_Kstar": 3.0,
      "frac_eq_r": 0.95
    },
    "d14_r1": {
      "median_Kstar": 1.0,
      "frac_eq_r": 1.0
    },
    "d14_r2": {
      "median_Kstar": 2.0,
      "frac_eq_r": 1.0
    },
    "d14_r3": {
      "median_Kstar": 3.0,
      "frac_eq_r": 1.0
    }
  },
  "budget": {
    "budgets": [
      16,
      32,
      64,
      128,
      256,
      512,
      1024,
      2048
    ],
    "free_order2": [
      1.4274349665725854,
      1.2980991255079644,
      0.9141761405635762,
      0.7615200685147011,
      0.5663431346675277,
      0.44487299993908574,
      0.2672791111642408,
      0.11902226316362774
    ],
    "legible_order2": [
      2.6345550140169096,
      2.648943880805358,
      3.0029297982254106,
      2.563014192593395,
      2.5642774798626857,
      2.6877129295855533,
      2.7340496423249974,
      2.7021069546936722
    ],
    "legible_separable": [
      0.0,
      0.0,
      0.0,
      0.0,
      0.0,
      0.0,
      0.0,
      0.0
    ],
    "phi_star": 2.8791219718353687
  },
  "false_positive": {
    "families": [
      "linear",
      "planted",
      "complex"
    ],
    "old_premium": [
      0.7437097956384546,
      0.0,
      1.2259035836490138
    ],
    "dividend_D1": [
      0.0,
      0.0,
      0.5697307795190091
    ]
  }
}