{
  "floor_vs_epistasis": {
    "K": [
      0,
      1,
      2,
      3,
      4
    ],
    "D1": [
      0.0,
      0.5116930961371112,
      1.39739297344502,
      1.7611661731950943,
      2.398713014366872
    ],
    "Kstar": [
      1.0,
      2.0,
      3.0,
      4.0,
      4.0
    ]
  },
  "spectrum": {
    "K=0": [
      1.0,
      1.902682780528954e-32,
      2.8031985754326556e-32,
      2.09729640351469e-32,
      1.7286350397118976e-32,
      1.1380862111215003e-32
    ],
    "K=1": [
      0.609245959265663,
      0.390754040734337,
      9.999325619180892e-33,
      9.3677308332028e-33,
      8.76785020247464e-33,
      6.450266114055173e-33
    ],
    "K=2": [
      0.3823947430532989,
      0.45034309064154715,
      0.16726216630515395,
      9.664171417235106e-33,
      9.077255977416598e-33,
      7.039521625946987e-33
    ],
    "K=4": [
      0.14524846603793248,
      0.33257073952550986,
      0.3153509110464462,
      0.17148427110071987,
      0.035345612289391634,
      7.633298170593821e-33
    ]
  },
  "fit_vs_act": {
    "corr": -0.7342283998723423,
    "n": 360,
    "frac_worse": 0.11666666666666667,
    "frac_fitwell_actshort": 0.1361111111111111
  },
  "query_bridge": {
    "oracle": 1.425293513641994,
    "budgets": [
      32,
      64,
      128,
      256,
      512,
      1024,
      2048
    ],
    "free": [
      0.8139688186558734,
      0.5975833331713852,
      0.3888044637878966,
      0.2606371499966906,
      0.1895886045054632,
      0.08119989825264323,
      0.06938448481349398
    ],
    "legible": [
      1.659762796073845,
      1.7658494144920887,
      1.4355050110109169,
      1.4394155647091698,
      1.460191801612565,
      1.4160700427225568,
      1.418216896582879
    ]
  }
}