{
  "opacity": [
    [
      1.6815281774565092,
      1.1610263429777947,
      1.6712076399343294,
      2.06188224407639,
      2.639679584492219
    ],
    [
      1.3007665751145823,
      0.8418914634530961,
      1.2079725758260205,
      1.585829730785698,
      2.188680024597086
    ],
    [
      0.615468045431744,
      0.5915518831488719,
      0.9803730478158951,
      1.286424922524691,
      1.6289025089944007
    ],
    [
      0.21340683373631242,
      0.3105895550128385,
      0.7003491934760895,
      0.958465207536641,
      1.1498246743271916
    ],
    [
      0.10557384694976824,
      0.13298588049747193,
      0.4754837480766735,
      0.6319727737963082,
      0.8277728793372285
    ]
  ],
  "stackelberg": [
    [
      0.2,
      0.35,
      0.5,
      0.7,
      1.0,
      1.5
    ],
    [
      0.308125,
      0.3466125,
      0.37515,
      0.40376249999999997,
      0.430725,
      0.4531375
    ],
    [
      -0.2799375,
      -0.3045875,
      -0.3284125,
      -0.3575625,
      -0.39339999999999997,
      -0.42643749999999997
    ]
  ],
  "versions": [
    [
      50.54627659673725,
      22.23932109502346,
      33.08780562407012,
      48.66155475275169,
      21.743478295692515
    ],
    [
      14.822228764112698,
      13.135822215197678,
      10.656991760096531,
      14.66636431446161,
      9.305731244045361
    ],
    [
      10.28611490427242,
      8.89681559985787,
      7.412691775258856,
      7.496389603732713,
      5.207475617791367
    ],
    [
      6.7208606023846285,
      6.163182355398175,
      5.783610285596757,
      4.727763068153452,
      4.1989698122597385
    ],
    [
      4.948652805368009,
      4.55239249634147,
      4.4086626600889725,
      3.8864215152316928,
      3.1887316943494266
    ]
  ],
  "pathologies": [
    [
      2,
      2,
      2,
      2,
      2,
      2
    ],
    [
      1,
      1,
      1,
      3,
      0,
      0
    ],
    [
      1,
      1,
      1,
      3,
      0,
      0
    ],
    [
      1,
      1,
      1,
      3,
      0,
      0
    ],
    [
      1,
      1,
      1,
      3,
      0,
      0
    ],
    [
      3,
      3,
      3,
      3,
      3,
      3
    ],
    [
      3,
      3,
      3,
      3,
      3,
      3
    ],
    [
      3,
      3,
      3,
      3,
      3,
      3
    ],
    [
      3,
      3,
      3,
      3,
      3,
      3
    ]
  ],
  "kuramoto_onsets": [
    [
      0.3,
      0.4,
      0.5,
      0.7,
      0.9
    ],
    [
      0.6975828726239737,
      0.90686220747132,
      1.0974385230043875,
      1.659950496384421,
      1.9780067725017336
    ]
  ]
}